{
  "accuracy": [
    0.4781205952167511,
    0.71875,
    0.7031659483909607,
    0.90625,
    0.7437991499900818,
    0.6875,
    0.7768703103065491,
    0.75,
    0.7908852696418762,
    0.84375,
    0.8002621531486511,
    0.78125,
    0.8030853271484375,
    0.8125,
    0.8171002268791199,
    0.8125,
    0.8239564299583435,
    0.9375,
    0.8296027183532715,
    0.78125
  ],
  "val_accuracy": [
    0.7924679517745972,
    0.7952724099159241,
    0.8409455418586731,
    0.8405448794364929,
    0.8521634340286255,
    0.8525640964508057,
    0.8689903616905212,
    0.8709936141967773,
    0.8729968070983887,
    0.8721955418586731,
    0.890625,
    0.8902243375778198,
    0.8934294581413269,
    0.8926281929016113,
    0.8958333134651184,
    0.8962339758872986,
    0.9030448794364929,
    0.9034455418586731,
    0.9050480723381042,
    0.9058493375778198
  ],
  "loss": [
    1.8605061769485474,
    1.1097807884216309,
    0.9496341943740845,
    0.3972974121570587,
    0.7896280884742737,
    0.8191474080085754,
    0.6871292591094971,
    0.5224246978759766,
    0.6355399489402771,
    0.4342941343784332,
    0.5920969247817993,
    0.5447567701339722,
    0.5686930418014526,
    0.6037758588790894,
    0.5358211994171143,
    0.5287362337112427,
    0.5003997683525085,
    0.292036235332489,
    0.4927343726158142,
    0.5209115147590637
  ],
  "val_loss": [
    0.6646803021430969,
    0.6616575717926025,
    0.5037152767181396,
    0.504646897315979,
    0.4523996114730835,
    0.4522760212421417,
    0.38089028000831604,
    0.37939542531967163,
    0.3575458526611328,
    0.35831910371780396,
    0.3264438509941101,
    0.32675573229789734,
    0.324025958776474,
    0.3250909149646759,
    0.29029789566993713,
    0.2907198667526245,
    0.2879238724708557,
    0.2882673740386963,
    0.2622871994972229,
    0.2621103823184967
  ],
  "best_val_accuracy": 0.9058493375778198,
  "best_epoch": 20
}